"Title","Media URL","Pinterest board","Thumbnail","Description","Link","Publish date","Keywords"
"""Pet Hair Remover Lint Roller For Pet Hair Cat And Dog Hair Remover For Couch Furniture Carpet Car Seat Reusable Roller W Self Cleaning Base Upgraded Animal Fur Removal Tool 🐾 🐱 🐶""","https://img.kwcdn.com/product/open/2023-11-11/1699672318902-f1b57a16858545c89a0f7d93f1c0e556-goods.jpeg?imageView2/2/w/500/q/70/format/webp","Toys & Games","","""
    🔥 Get 30% OFF Now! 🔥
    - ℹ️ Discover unbeatable deals and elevate your style. 
    - 🔎 Just search for 👉 acq885235 👈 in the Temu App and unlock exclusive savings. 
    - 🔥 Don't miss out – this offer is available for a limited time! ⏱️

    *Affiliate
    ""","https://temu.to/m/e8ogjcjoaqz","","pet, hair, remover"

